id,Qi_case_years,pval,sig
case1,0.0136986301,0.01,1
case2,0.0136986301,0.01,1
case3,0.0136986301,0.03,1
case4,0.0136986301,0.02,1
case5,0.0136986301,0.02,1
case6,0.0136986301,0.01,1
mixed_case1,0.0054794521,0.77,0
mixed_case2,0.0054794521,0.82,0
mixed_case3,0.0054794521,0.81,0
