start_date,end_date,id,x,y,Qit_days,pval,sig
20150101,20150102,case1,0,0,5,0.01,1
20150101,20150102,case2,0,1,5,0.01,1
20150101,20150102,case3,0,2,5,0.03,1
20150101,20150102,case4,1,0,5,0.02,1
20150101,20150102,case5,1,1,5,0.02,1
20150101,20150102,case6,1,2,5,0.01,1
20150101,20150102,mixed_case1,9,2,2,0.77,0
20150101,20150102,mixed_case2,10,0,2,0.82,0
20150101,20150102,mixed_case3,10,1,2,0.81,0
